order_id,book_title,category,store_location,quantity,price_per_unit,payment_method,order_date,total_price
1001,The Alchemist,History,Chiang Mai,5,221.19,Cash,24/5/2024,1105.95
1002,Atomic Habits,Finance,Phuket,5,301.57,Credit Card,9/6/2024,1507.85
1003,Becoming,History,Bangkok,1,152.88,Credit Card,5/6/2024,152.88
1004,Atomic Habits,Self-Help,Bangkok,5,173.21,Cash,20/5/2024,866.05
1005,Atomic Habits,Finance,Khon Kaen,3,159.2,Cash,15/2/2024,477.6
1006,The Midnight Library,Biography,Phuket,4,158.15,Credit Card,4/2/2024,632.6
1007,Becoming,Fiction,Songkhla,1,321.09,QR Code,13/5/2024,321.09
1008,Becoming,History,Phuket,4,290.73,Credit Card,22/3/2024,1162.92
1009,Becoming,Fiction,Khon Kaen,5,244.83,Cash,24/4/2024,1224.15
1010,Atomic Habits,Fiction,Khon Kaen,5,169.57,Credit Card,16/2/2024,847.85
1011,The Alchemist,Finance,Phuket,1,248.32,Cash,1/6/2024,248.32
1012,Becoming,Fiction,Khon Kaen,3,244.69,Credit Card,10/1/2024,734.07
1013,Atomic Habits,Biography,Phuket,2,184.64,QR Code,25/2/2024,369.28
1014,The Midnight Library,Fiction,Chiang Mai,1,236.77,Credit Card,30/1/2024,
1015,The Alchemist,Finance,Phuket,2,229.7,Credit Card,18/4/2024,459.4
1016,The Midnight Library,Biography,Phuket,2,273.17,Cash,5/1/2024,546.34
1017,The Alchemist,Self-Help,Khon Kaen,3,277.02,Cash,28/4/2024,831.06
1018,Atomic Habits,Fiction,Khon Kaen,2,159.06,Cash,2/2/2024,318.12
1019,Educated,Finance,Bangkok,2,224.92,Credit Card,27/4/2024,449.84
1020,The Alchemist,Self-Help,Bangkok,3,275.17,QR Code,5/3/2024,825.51
1021,The Midnight Library,Self-Help,Chiang Mai,2,250.63,Cash,25/5/2024,501.26
1022,Atomic Habits,History,Bangkok,2,321.3,Cash,25/6/2024,642.6
1023,The Alchemist,Biography,Phuket,2,281.74,Credit Card,11/1/2024,563.48
1024,Educated,Fiction,Khon Kaen,1,182.59,Cash,25/3/2024,182.59
1025,Educated,Finance,Bangkok,1,164.11,QR Code,26/1/2024,164.11
1026,Becoming,History,Bangkok,1,278.48,QR Code,3/3/2024,278.48
1027,Becoming,Biography,Chiang Mai,3,155.3,Cash,26/3/2024,465.9
1028,The Midnight Library,History,Chiang Mai,5,267.16,Cash,28/2/2024,1335.8
1029,The Alchemist,Biography,Phuket,2,338.05,Credit Card,27/1/2024,676.1
1030,The Alchemist,Biography,Khon Kaen,2,265.09,QR Code,25/6/2024,530.18
1031,Becoming,Fiction,Chiang Mai,3,227.63,QR Code,9/6/2024,682.89
1032,The Alchemist,Biography,Bangkok,2,278.66,Cash,7/4/2024,557.32
1033,The Alchemist,History,Khon Kaen,1,241.65,Credit Card,14/4/2024,241.65
1034,Educated,Biography,Khon Kaen,5,259.12,QR Code,8/4/2024,1295.6
1035,Becoming,Fiction,Bangkok,4,338.29,QR Code,8/5/2024,1353.16
1036,Atomic Habits,Fiction,Chiang Mai,2,227.22,Credit Card,28/5/2024,454.44
1037,Becoming,History,Bangkok,1,342.24,Credit Card,24/2/2024,342.24
1038,Atomic Habits,Self-Help,Khon Kaen,4,331.07,QR Code,6/1/2024,1324.28
1039,Educated,Self-Help,Songkhla,5,189.16,QR Code,4/4/2024,945.8
1040,The Midnight Library,Biography,Songkhla,4,163.87,Credit Card,12/5/2024,655.48
1041,The Alchemist,Finance,Phuket,1,170.16,QR Code,11/4/2024,170.16
1042,Educated,Biography,Bangkok,,153.64,Cash,3/1/2024,614.56
1043,The Alchemist,History,Bangkok,3,168.89,Cash,29/6/2024,506.67
1044,The Midnight Library,History,Phuket,4,286.6,Credit Card,23/1/2024,1146.4
1045,The Midnight Library,History,Phuket,2,164.24,Credit Card,22/2/2024,328.48
1046,Educated,History,Phuket,2,213.8,Credit Card,13/6/2024,427.6
1047,The Midnight Library,History,Khon Kaen,3,318.98,Cash,23/3/2024,956.94
1048,Atomic Habits,Fiction,Bangkok,1,154.65,QR Code,24/5/2024,154.65
1049,The Midnight Library,Self-Help,Khon Kaen,2,312.89,Cash,25/3/2024,625.78
1050,The Alchemist,History,Phuket,5,206.37,QR Code,18/3/2024,1031.85
1051,The Alchemist,Finance,Bangkok,2,173.63,Cash,19/4/2024,347.26
1052,The Alchemist,Finance,Khon Kaen,2,289.35,QR Code,1/1/2024,578.7
1053,The Alchemist,Finance,Khon Kaen,1,275.79,Cash,20/2/2024,275.79
1054,Atomic Habits,Finance,Phuket,4,325.49,Credit Card,21/6/2024,1301.96
1055,Becoming,Fiction,Bangkok,2,297.01,Cash,4/1/2024,594.02
1056,Educated,Finance,Phuket,3,310.7,QR Code,22/4/2024,932.1
1057,The Alchemist,History,Bangkok,4,206.41,Cash,1/2/2024,825.64
1058,The Midnight Library,Biography,Songkhla,5,185.49,Cash,3/2/2024,927.45
1059,The Alchemist,Finance,Chiang Mai,1,300.12,Cash,1/4/2024,300.12
1060,The Midnight Library,Fiction,Chiang Mai,5,311.37,Credit Card,4/4/2024,1556.85
1061,The Midnight Library,Fiction,Chiang Mai,4,348.1,Cash,12/3/2024,1392.4
1062,The Alchemist,Finance,Phuket,4,232.52,Credit Card,8/2/2024,930.08
1063,Atomic Habits,Biography,Songkhla,4,224.4,Credit Card,2/6/2024,897.6
1064,The Midnight Library,Finance,Bangkok,5,305.28,Cash,10/6/2024,1526.4
1065,The Midnight Library,Fiction,Khon Kaen,4,218.16,Cash,30/6/2024,872.64
1066,The Alchemist,Self-Help,Bangkok,5,336.15,Cash,27/4/2024,1680.75
1067,The Midnight Library,History,Khon Kaen,4,321.68,QR Code,3/1/2024,1286.72
1068,The Midnight Library,Fiction,Bangkok,3,235.8,Cash,2/5/2024,707.4
1069,The Alchemist,Finance,Songkhla,4,300.17,Credit Card,19/2/2024,1200.68
1070,The Alchemist,History,Khon Kaen,5,300.91,Cash,12/1/2024,1504.55
1071,Educated,Finance,Phuket,2,170.62,QR Code,23/2/2024,341.24
1072,Atomic Habits,Finance,Bangkok,4,330.51,Cash,12/5/2024,1322.04
1073,Atomic Habits,Self-Help,Bangkok,2,251.05,QR Code,26/2/2024,502.1
1074,The Midnight Library,History,Khon Kaen,3,315.29,QR Code,24/5/2024,945.87
1075,Atomic Habits,History,Phuket,1,214.01,Cash,21/4/2024,9999
1076,The Midnight Library,Self-Help,Phuket,3,329.1,Credit Card,16/2/2024,987.3
1077,Educated,Fiction,Songkhla,4,227.84,QR Code,30/5/2024,911.36
1078,The Alchemist,Finance,Phuket,2,152.17,Cash,25/3/2024,304.34
1079,The Alchemist,Biography,Phuket,2,331.08,Cash,21/5/2024,662.16
1080,The Alchemist,Finance,Phuket,5,168.26,Credit Card,6/3/2024,841.3
1081,Atomic Habits,Finance,Chiang Mai,2,213.86,QR Code,15/3/2024,427.72
1082,Educated,Fiction,Songkhla,5,340.01,QR Code,27/6/2024,1700.05
1083,Atomic Habits,Finance,Bangkok,1,340.12,Cash,12/4/2024,340.12
1084,Atomic Habits,Self-Help,Khon Kaen,4,264.69,Cash,14/6/2024,1058.76
1085,Educated,Self-Help,Bangkok,5,276.37,Credit Card,7/2/2024,1381.85
1086,Educated,History,Songkhla,1,239.69,Credit Card,19/2/2024,239.69
1087,Educated,Biography,Khon Kaen,2,208.64,QR Code,7/4/2024,417.28
1088,Educated,Finance,Songkhla,2,215.73,QR Code,22/3/2024,431.46
1089,The Alchemist,Finance,Phuket,1,284.5,Cash,30/1/2024,284.5
1090,Becoming,Fiction,Khon Kaen,2,300.47,QR Code,19/3/2024,600.94
1091,Becoming,Self-Help,Phuket,1,308.32,Credit Card,31/3/2024,308.32
1092,Educated,Biography,Bangkok,5,307.92,Credit Card,27/6/2024,1539.6
1093,Becoming,History,Bangkok,5,168.24,Cash,21/2/2024,841.2
1094,Becoming,Self-Help,Khon Kaen,1,248.88,Credit Card,14/6/2024,248.88
1095,Educated,History,Khon Kaen,5,161.51,Credit Card,19/3/2024,807.55
1096,Becoming,Fiction,Songkhla,5,259.91,Credit Card,30/1/2024,1299.55
1097,Atomic Habits,Fiction,Songkhla,5,238.31,Credit Card,15/4/2024,1191.55
1098,The Midnight Library,Finance,Phuket,3,327.54,Cash,20/2/2024,982.62
1099,The Midnight Library,Biography,Khon Kaen,4,220.18,Cash,21/3/2024,880.72
1100,Educated,History,,2,173.41,QR Code,12/5/2024,346.82
